,artist,album,genre,tag1,tag2,tag3,tag4,tag5
0,#new music,elease 2007),Soundperlen,,,,,
1,#new music,Carrie & Lowell,Soundperlen,,,,,
2,#new music,Phaedra,Soundperlen,,,,,
3,#new music,Perdition city,Soundperlen,,,,,
4,#new music,Shadows of the Sun,Soundperlen,,,,,
5,808 State,Ex.El,#new music,,,,,
6,A winged victory for the Sullen,A winged victory for the sullen,#new music,,,,,
7,Against all Logic,017,#new music,,,,,
8,Angelo Badalamenti,fire walk with me,#new music,,,,,
9,Animal Collective,Sung Tongs,#new music,,,,,
10,Animal Collective,Feels (Bonus Disc),#new music,,,,,
11,Animal Collective,Strawberry Jam,#new music,,,,,
12,Animal Collective,Merriweather Post Pavilion,#new music,,,,,
13,Beach House,Bloom,#new music,,,,,
14,Beach House,Depression cherry,#new music,,,,,
15,Beach House,Teen Dream,#new music,,,,,
16,Björk,Vespertine,#new music,,,,,
17,Brian Eno,Apollo_ Atmospheres and Soundtracks,#new music,,,,,
18,Burial,Burial,#new music,,,,,
19,Burial,Untrue,#new music,,,,,
20,Cibo Matto,Viva! La Woman,#new music,,,,,
21,Cibo Matto,Stereo Type A,#new music,,,,,
22,Cocteau Twins,Heaven or Las Vegas (1990) [FLAC],#new music,,,,,
23,Deepchord Presents Echospace,Liumin,#new music,,,,,
24,Depressive Silence,Depressive Silence II,#new music,,,,,
25,DJ Rolando,the aztec mystic mix,#new music,,,,,
26,Dr. Alimantado,Best Dressed Chicken in Town,#new music,,,,,
27,Element of Crime,Weißes Papier,#new music,,,,,
28,Elliott Smith,From A Basement On The Hill,#new music,,,,,
29,Ennio Morricone,"il buono, il brutto e il cattivo",#new music,,,,,
30,Fishmans,Long Season,#new music,,,,,
31,Fishmans,宇宙 日本 世田谷 (Uchū Nippon Setagaya),#new music,,,,,
32,Four Tet,There Is Love in You,#new music,,,,,
33,Frank Ocean,Blonde,#new music,,,,,
34,Funkadelic,Free Your Mind... And Your Ass Will Follow,#new music,,,,,
35,Galaxie 500,On Fire,#new music,,,,,
36,Gas,Rausch,#new music,,,,,
37,Global Communication,76 14,#new music,,,,,
38,Gustavo Cerati, Bocanada,#new music,,,,,
39,Herb Ellis & Remo Palmier,Windflower,#new music,,,,,
40,Herbie Hancock,Head Hunters,#new music,,,,,
41,Homeshake,Midnight Snack,#new music,,,,,
42,Isolée,We Are Monster,#new music,,,,,
43,John Zorn,Naked City,#new music,,,,,
44,Jorge Ben,A Tábua de Esmeralda,#new music,,,,,
45,Keane,Hopes and Fears [Deluxe Edition],#new music,,,,,
46,King Krule,The Ooz,#new music,,,,,
47,Kraftwerk,uropa Express [FLAC],#new music,,,,,
48,Kraftwerk,Computerwelt,#new music,,,,,
49,Kraftwerk,aschine [FLAC],#new music,,,,,
50,Lana del Rey,Norman Fucking Rockwell!,#new music,,,,,
51,Leonard Cohen,Songs Of Love And Hate,#new music,,,,,
52,Lou Reed,Berlin,#new music,,,,,
53,Lou Reed,Transformer,#new music,,,,,
54,Lovage,Music to Make Love to Your Old Lady By,#new music,,,,,
55,Luomo,Paper Tigers,#new music,,,,,
56,Lustmord,Heresy,#new music,,,,,
57,Maurizio,MCD,#new music,,,,,
58,Michael Mayer,Immer,#new music,,,,,
59,Michael Mayer,Immer 3,#new music,,,,,
60,Mike Patton,Mondo cane,#new music,,,,,
61,Milton Nascimento & Lô Borges,Clube Da Esquina,#new music,,,,,
62,Moloko,Statues,#new music,,,,,
63,Monopoly Child Star Searchers,The Garnet Toucan,#new music,,,,,
64,Mr. Bungle,California,#new music,,,,,
65,Nara Leao,Dez Anos Depois,#new music,,,,,
66,Naxatras,Naxatras,#new music,,,,,
67,New Order,Low Life,#new music,,,,,
68,Nina Simone,Pastel Blues,#new music,,,,,
69,Novos Baianos,Acabou Chorare,#new music,,,,,
70,Orbital,Brown Album,#new music,,,,,
71,Orbital,In Sides,#new music,,,,,
72,Panda Bear,Person Pitch,#new music,,,,,
73,Peace Orchestra,Peace Orchestra,#new music,,,,,
74,Plastikman,Musik,#new music,,,,,
75,Plastikman,Consumed,#new music,,,,,
76,Popol Vuh,Hosianna Mantra,#new music,,,,,
77,Popol Vuh,"Letzte Tage, Letzte Nächte",#new music,,,,,
78,Portishead,Glory Box,#new music,,,,,
79,Prince Of Denmark,8,#new music,,,,,
80,Pulp,This Is Hardcore,#new music,,,,,
81,Ricardo Villalobos,Alcachofa,#new music,,,,,
82,Ricardo Villalobos,Sei es Drum,#new music,,,,,
83,Roger Waters,Amused To Death,#new music,,,,,
84,Sheena Ringo,Kalk Samen Kuri no Hana,#new music,,,,,
85,Slowdive,Just for a Day,#new music,,,,,
86,Slowdive,Pygmalion,#new music,,,,,
87,Slowdive,Slowdive,#new music,,,,,
88,Slowdive,Souvlaki,#new music,,,,,
89,Spacemen 3,Taking Drugs to make Music to take Drugs to,#new music,,,,,
90,Spacemen 3,The Perfect Prescription,#new music,,,,,
91,Spiritualized,Ladies And Gentlemen We Are Floating In Space,#new music,,,,,
92,Tame Impala,Lonerism,#new music,,,,,
93,The Black Keys,El Camino,#new music,,,,,
94,The Budos Band,The Budos Band,#new music,,,,,
95,The Cinematic Orchestra,Every Day,#new music,,,,,
96,The Field,From Here We Go To Sublime,#new music,,,,,
97,The Flaming Lips,The Soft Bulletin,#new music,,,,,
98,The Midnight,Endless summer,#new music,,,,,
99,The Stone Roses,The Stone Roses,#new music,,,,,
100,Tom Waits,Alice,#new music,,,,,
101,Toro y Moi,My Touch,#new music,,,,,
102,Trentemøller,The Last Resort,#new music,,,,,
103,Trentemøller - The Last Resort,The Last Resort (CD1),Trentemøller,,,,,
104,Trentemøller - The Last Resort,The Last Resort (CD2),Trentemøller,,,,,
105,Underworld,002,#new music,,,,,
106,Underworld - 1992-2002,002,Underworld,,,,,
107,Underworld - 1992-2002,002,Underworld,,,,,
108,Yo La Tengo,ut,#new music,,,,,
109,A perfect Circle,Mer De Noms,Alternative Rock,,,,,
110,A perfect Circle,Thirteenth Step,Alternative Rock,,,,,
111,A perfect Circle,Emotive,Alternative Rock,,,,,
112,Dream Theater,Octavarium,Alternative Rock,,,,,
113,Fair To Midland,Fables From A Mayfly What I Tell You Three Times Is True,Alternative Rock,,,,,
114,Incubus,Fungus Amongus,Alternative Rock,,,,,
115,Incubus,S.c.i.e.n.c.e,Alternative Rock,,,,,
116,Incubus,Make YourSelf,Alternative Rock,,,,,
117,Incubus,Morning View,Alternative Rock,,,,,
118,Incubus,A crow left to the murder,Alternative Rock,,,,,
119,Incubus,Light Grenades,Alternative Rock,,,,,
120,Liquid Tension Experiment,Liquid tension experiment 1,Alternative Rock,,,,,
121,Mogwai,Happy Songs for Happy People,Alternative Rock,,,,,
122,Muse,Origin of Symmetry,Alternative Rock,,,,,
123,Placebo,2004,Alternative Rock,,,,,
124,Placebo - The Singles 1996 - 2004,CD1,Placebo,,,,,
125,Placebo - The Singles 1996 - 2004,CD2,Placebo,,,,,
126,Primal Scream,Screamadelica,Alternative Rock,,,,,
127,Primus,Frizzle fry,Alternative Rock,,,,,
128,Serj Tankian,Elect The Dead,Alternative Rock,,,,,
129,Sonic Youth,Daydream Nation,Alternative Rock,,,,,
130,Sonic Youth,Dirty,Alternative Rock,,,,,
131,Sonic Youth,Goo,Alternative Rock,,,,,
132,The Microphones,"The Glow, Part 2",Alternative Rock,,,,,
133,Tool,AEnima,Alternative Rock,,,,,
134,Tool,Lateralus,Alternative Rock,,,,,
135,Tool,10.000 Days,Alternative Rock,,,,,
136,Tool - 2006 - 10.000 Days,"10,000 Days Pics",Tool,,,,,
137,Bohren & Der Club of Gore,Black Earth,Ambient,,,,,
138,Bohren & Der Club of Gore,Sunset mission,Ambient,,,,,
139,Brian Eno,Ambient 1 Music For Airports,Ambient,,,,,
140,Brian Eno,Another Green World,Ambient,,,,,
141,David Schombert,Quiet Life vol.1,Ambient,,,,,
142,Depressive Silence,Depressive Silence II,Ambient,,,,,
143,Fishmans,Long Season,Ambient,,,,,
144,Fishmans,宇宙 日本 世田谷 (Uchū Nippon Setagaya),Ambient,,,,,
145,Gas,Zauberberg,Ambient,,,,,
146,Gas,Königsforst,Ambient,,,,,
147,Gas,Pop,Ambient,,,,,
148,Klaus Schulze,X (Remastered),Ambient,,,,,
149,Klaus Schulze,elease 2007),Ambient,,,,,
150,Klaus Schulze - 1978 - X (Remastered),X (Remastered) (CD1),Klaus Schulze,,,,,
151,Klaus Schulze - 1978 - X (Remastered),X (Remastered) (CD2),Klaus Schulze,,,,,
152,Seefeel,Quique,Ambient,,,,,
153,Sigur Rós,Agaetis byrjun,Ambient,,,,,
154,Sigur Rós,(),Ambient,,,,,
155,Sigur Rós,Takk,Ambient,,,,,
156,The Cinematic Orchestra,Every Day,Ambient,,,,,
157,Ulrich Schnauss,A Strangely Isolated Place,Ambient,,,,,
158,Vibrasphere,Selected Downbeats Vol.1,Ambient,,,,,
159,Vibrasphere,Selected Downbeats Vol.2,Ambient,,,,,
160,Astrud Gilberto,Beach Samba,Blues # Jazz # Soul # Latin,,,,,
161,Bebel Gilberto,Tanto Tiempo,Blues # Jazz # Soul # Latin,,,,,
162,Count Basie,The Complete Atomic Basie,Blues # Jazz # Soul # Latin,,,,,
163,Duke Ellington,Ellington At Newport,Blues # Jazz # Soul # Latin,,,,,
164,Duke Ellington - 1956 - Ellington At Newport,Ellington At Newport (CD1),Duke Ellington,,,,,
165,Duke Ellington - 1956 - Ellington At Newport,Ellington At Newport (CD2),Duke Ellington,,,,,
166,Herb Ellis & Remo Palmier,Windflower,Blues # Jazz # Soul # Latin,,,,,
167,Herbie Hancock,Head Hunters,Blues # Jazz # Soul # Latin,,,,,
168,Joao Gilberto,The Original Bossa Nova Recordings,Blues # Jazz # Soul # Latin,,,,,
169,John Coltrane,A Love Supreme,Blues # Jazz # Soul # Latin,,,,,
170,Jorge Ben,Africa Brasil,Blues # Jazz # Soul # Latin,,,,,
171,Marvin Gaye,Whats Going On,Blues # Jazz # Soul # Latin,,,,,
172,Miles Davis,Kind Of Blue,Blues # Jazz # Soul # Latin,,,,,
173,Miles Davis,Ascenseur pour l'échafaud [edited],Blues # Jazz # Soul # Latin,,,,,
174,Stan Getz & João Gilberto,"Getz, Gilberto",Blues # Jazz # Soul # Latin,,,,,
175,The Kilimanjaro Darkjazz Ensemble,Here Be Dragons,Blues # Jazz # Soul # Latin,,,,,
176,Tribalistas,Tribalistas,Blues # Jazz # Soul # Latin,,,,,
177,Arvo Pärt,Tabula rasa,Classic,,,,,
178,Bach,1981 Version,Classic,,,,,
179,Beethoven,The Best of Beethoven,Classic,,,,,
180,Mozart,Greatest Hits,Classic,,,,,
181,13th Floor Elevators,The Psychedelic Sounds Of The 13th Floor Elevators,Classic Rock,,,,,
182,Bob Dylan,Greatest Hits,Classic Rock,,,,,
183,Bob Dylan,Highway 61 Revisited,Classic Rock,,,,,
184,Cream,Disraeli Gears,Classic Rock,,,,,
185,Creedence Clearwater Revival,Green River,Classic Rock,,,,,
186,David Bowie,Hunky Dory,Classic Rock,,,,,
187,David Bowie,Low,Classic Rock,,,,,
188,David Bowie,The Rise And Fall Of Ziggy Stardust And The Spiders From Mars,Classic Rock,,,,,
189,Dire Straits,Dire Straits (Remastered),Classic Rock,,,,,
190,Elvis Presley,30 No. 1 Hits,Classic Rock,,,,,
191,"Emerson, Lake & Palmer",Brain Salad Surgery,Classic Rock,,,,,
192,Eric Clapton,Just One Night,Classic Rock,,,,,
193,Eric Clapton - 1980 - Just One Night,Just One Night (CD1),Eric Clapton,,,,,
194,Eric Clapton - 1980 - Just One Night,Just One Night (CD2),Eric Clapton,,,,,
195,Fleetwood Mac,Rumours [Remastered],Classic Rock,,,,,
196,Frank Zappa,Hot Rats,Classic Rock,,,,,
197,Janis Joplin,The Very Best Of,Classic Rock,,,,,
198,Jethro tull,Aqualung,Classic Rock,,,,,
199,Jethro tull,The Best of Jethro Tull,Classic Rock,,,,,
200,Jimi Hendrix,Are You Experienced,Classic Rock,,,,,
201,Jimi Hendrix,old as Love,Classic Rock,,,,,
202,Jimi Hendrix,Electric ladyland,Classic Rock,,,,,
203,Joe Cocker,Greatest Hits,Classic Rock,,,,,
204,King Crimson,In The Court Of The Crimson King,Classic Rock,,,,,
205,King Crimson,Remastered),Classic Rock,,,,,
206,Kinks,25 Years The Ultimate Collection,Classic Rock,,,,,
207,Led Zeppelin,Led Zeppelin I,Classic Rock,,,,,
208,Led Zeppelin,Led Zeppelin II,Classic Rock,,,,,
209,Led Zeppelin,Led Zeppelin III,Classic Rock,,,,,
210,Led Zeppelin,Led Zeppelin IV,Classic Rock,,,,,
211,Led Zeppelin,Physical Graffiti,Classic Rock,,,,,
212,Led Zeppelin,Early Days,Classic Rock,,,,,
213,Led Zeppelin,Latter Days,Classic Rock,,,,,
214,Manfred Mann's Earth Band,astered),Classic Rock,,,,,
215,Meatloaf,Back Into Hell,Classic Rock,,,,,
216,Neil Young,After The Gold Rush,Classic Rock,,,,,
217,Neil Young,Greatest Hits,Classic Rock,,,,,
218,Pink Floyd,The Piper at the Gates of Dawn,Classic Rock,,,,,
219,Pink Floyd,A Saucerful Of Secrets,Classic Rock,,,,,
220,Pink Floyd,More,Classic Rock,,,,,
221,Pink Floyd,Ummagumma,Classic Rock,,,,,
222,Pink Floyd,Atom Heart Mother,Classic Rock,,,,,
223,Pink Floyd,Meddle,Classic Rock,,,,,
224,Pink Floyd,Relics,Classic Rock,,,,,
225,Pink Floyd,Obscured By Clouds,Classic Rock,,,,,
226,Pink Floyd,The Dark Side Of The Moon,Classic Rock,,,,,
227,Pink Floyd,Wish You Were Here,Classic Rock,,,,,
228,Pink Floyd,Animals,Classic Rock,,,,,
229,Pink Floyd,The Wall,Classic Rock,,,,,
230,Pink Floyd,The Final Cut,Classic Rock,,,,,
231,Pink Floyd,A Momentary Lapse Of Reason,Classic Rock,,,,,
232,Pink Floyd,The Division Bell,Classic Rock,,,,,
233,Pink Floyd,Pulse,Classic Rock,,,,,
234,Pink Floyd,The Best Of Pink Floyd,Classic Rock,,,,,
235,Pink Floyd,The Dark Side Of The Moon 30th Anniversary,Classic Rock,,,,,
236,Pink Floyd - 1969 - Ummagumma,Live,Pink Floyd,,,,,
237,Pink Floyd - 1969 - Ummagumma,Studio,Pink Floyd,,,,,
238,Pink Floyd - 1995 - Pulse,Pulse (CD1),Pink Floyd,,,,,
239,Pink Floyd - 1995 - Pulse,Pulse (CD2),Pink Floyd,,,,,
240,Pink Floyd - 2001 - Echoes - The Best Of Pink Floyd,The Best Of Pink Floyd (CD1),Pink Floyd,,,,,
241,Pink Floyd - 2001 - Echoes - The Best Of Pink Floyd,The Best Of Pink Floyd (CD2),Pink Floyd,,,,,
242,Queen,A night at the opera,Classic Rock,,,,,
243,Queen,Greatest Hits,Classic Rock,,,,,
244,Queen,Greatest Hits II,Classic Rock,,,,,
245,Television,Marquee Moon,Classic Rock,,,,,
246,The Beach Boys,Pet Sounds (40th Anniversary Edition),Classic Rock,,,,,
247,The Beatles,Rubber Soul,Classic Rock,,,,,
248,The Beatles,Revolver,Classic Rock,,,,,
249,The Beatles,Magical Mystery Tour,Classic Rock,,,,,
250,The Beatles,Sgt. Pepper's Lonely Hearts Club Band,Classic Rock,,,,,
251,The Beatles,The Beatles,Classic Rock,,,,,
252,The Beatles,Abbey Road,Classic Rock,,,,,
253,The Beatles,Let It Be,Classic Rock,,,,,
254,The Doors,The Best Of The Doors,Classic Rock,,,,,
255,The Doors - The Best Of The Doors,The Best Of The Doors (CD1),The Doors,,,,,
256,The Doors - The Best Of The Doors,The Best Of The Doors (CD2),The Doors,,,,,
257,The Stooges,The Stooges,Classic Rock,,,,,
258,The Stooges,Fun House,Classic Rock,,,,,
259,The Stooges,Raw Power,Classic Rock,,,,,
260,The Velvet Underground,The Velvet Underground & Nico,Classic Rock,,,,,
261,The Velvet Underground,The Velvet Underground,Classic Rock,,,,,
262,The Who,The Very Best Of The Who,Classic Rock,,,,,
263,Van Halen,Van Halen,Classic Rock,,,,,
264,Yes,1972 Close to the Edge (Remastered),Classic Rock,,,,,
265,ZZ Top,Eliminator (Remastered),Classic Rock,,,,,
266,ZZ Top,Tres Hombres,Classic Rock,,,,,
267,Air,Premiers Symptomes,Downtempo,,,,,
268,Air,Moon Safari,Downtempo,,,,,
269,Air,Talkie Walkie,Downtempo,,,,,
270,Arab Strap,Philophobia,Downtempo,,,,,
271,Carbon Based Lifeforms,World Of Sleepers,Downtempo,,,,,
272,Coldplay,Parachute,Downtempo,,,,,
273,Coldplay,A Rush Of Blood To The Head,Downtempo,,,,,
274,Dead Can Dance,Aion,Downtempo,,,,,
275,Dead Can Dance,Within the Realm of a Dying Sun,Downtempo,,,,,
276,Fever Ray,Fever Ray,Downtempo,,,,,
277,Jack Johnson,Brushfire Fairytales,Downtempo,,,,,
278,Jack Johnson,On And On,Downtempo,,,,,
279,Jack Johnson,In Between Dreams,Downtempo,,,,,
280,Jack Johnson,ong And Lullabies For The Film Curious George,Downtempo,,,,,
281,Jack Johnson,Sleep Through The Static,Downtempo,,,,,
282,Jack Johnson,To the Sea,Downtempo,,,,,
283,Manu Chao,Clandestino,Downtempo,,,,,
284,Manu Chao,Radio Bemba Sound System,Downtempo,,,,,
285,Manu Chao,La Radiolina,Downtempo,,,,,
286,Mike Oldfield,Tubular Bells,Downtempo,,,,,
287,Mike Oldfield,Ommadawn,Downtempo,,,,,
288,Röyksopp,Junior,Downtempo,,,,,
289,Röyksopp,Melody A.M,Downtempo,,,,,
290,Sade,Diamond Life,Downtempo,,,,,
291,Sade,Promise,Downtempo,,,,,
292,Sade,Stronger Than Pride,Downtempo,,,,,
293,Sade,Love Deluxe,Downtempo,,,,,
294,Sade,The Best Of Sade,Downtempo,,,,,
295,Sade,Lovers Rock,Downtempo,,,,,
296,Sade,Lovers Live,Downtempo,,,,,
297,Schiller,Weltreise,Downtempo,,,,,
298,Schiller,Tag und Nacht,Downtempo,,,,,
299,Schiller,Sehnsucht,Downtempo,,,,,
300,The xx,Coexist,Downtempo,,,,,
301,The xx,The xx,Downtempo,,,,,
302,The xx - The xx,Bonus Disc,The xx,,,,,
303,The xx - The xx,xx,The xx,,,,,
304,Tosca,Fuck Dub,Downtempo,,,,,
305,Tosca,Opera,Downtempo,,,,,
306,Tosca,Chocolate Elvis,Downtempo,,,,,
307,Tosca,Suzuki,Downtempo,,,,,
308,Tosca,Suzuki In Dub,Downtempo,,,,,
309,Tosca,Different Tastes of Honey,Downtempo,,,,,
310,Tosca,Dehli9,Downtempo,,,,,
311,Tosca, J.A.C,Downtempo,,,,,
312,Tosca,No Hassle,Downtempo,,,,,
313,Tosca - 2003 - Dehli9,Dehli9 (CD1),Tosca,,,,,
314,Tosca - 2003 - Dehli9,Dehli9 (CD2),Tosca,,,,,
315,Tosca - 2009 - No Hassle,No Hassle (CD1),Tosca,,,,,
316,Tosca - 2009 - No Hassle,No Hassle (CD2),Tosca,,,,,
317,Ulver,Perdition city,Downtempo,,,,,
318,Ulver,Shadows of the Sun,Downtempo,,,,,
319,Vanilla,Origin,Downtempo,,,,,
320,Zero 7,Simple Things,Downtempo,,,,,
321,Zero 7,The Garden,Downtempo,,,,,
322,Zero 7,When It Falls,Downtempo,,,,,
323,Electronic, Rollers,Soundperlen,,,,,
324,2raumwohnung,Kommt Zusammen,Electronic,,,,,
325,2raumwohnung,Es wird morgen,Electronic,,,,,
326,2raumwohnung,Melancholisch Schön,Electronic,,,,,
327,2raumwohnung,36 Grad,Electronic,,,,,
328,2raumwohnung,36 Grad Remixe,Electronic,,,,,
329,2raumwohnung,Lasso,Electronic,,,,,
330,4 Hero,Two Pages,Electronic,,,,,
331,Amon Tobin,Foley Room,Electronic,,,,,
332,Aphex Twin,2,Electronic,,,,,
333,Aphex Twin,Selected Ambient Works Volume II,Electronic,,,,,
334,Aphex Twin,Classics,Electronic,,,,,
335,Aphex Twin,I Care because You do,Electronic,,,,,
336,Aphex Twin,Richard D. James Album,Electronic,,,,,
337,Aphex Twin,Drukqs,Electronic,,,,,
338,Aphex Twin - 1994 - Selected Ambient Works Volume II,Selected Ambient Works Volume II (Disc 1),Aphex Twin,,,,,
339,Aphex Twin - 1994 - Selected Ambient Works Volume II,Selected Ambient Works Volume II (Disc 2),Aphex Twin,,,,,
340,Autechre,Amber,Electronic,,,,,
341,Autechre,Tri Repetae,Electronic,,,,,
342,Avalanches,Since I Left You,Electronic,,,,,
343,Benny Benassi,Hypnotica,Electronic,,,,,
344,Björk,Homogenic,Electronic,,,,,
345,Björk,Post,Electronic,,,,,
346,Boards Of Canada,Music Has The Right To Children,Electronic,,,,,
347,Boards Of Canada,Geogaddi,Electronic,,,,,
348,Boards Of Canada,The Campfire Headphase,Electronic,,,,,
349,Bonobo,Animal Magic,Electronic,,,,,
350,Bonobo,Black Sands,Electronic,,,,,
351,Bonobo,Days To Come,Electronic,,,,,
352,Bonobo,Dial 'M' For Monkey,Electronic,,,,,
353,Chase & Status,More Than A Lot,Electronic,,,,,
354,Depeche Mode,Violator,Electronic,,,,,
355,Depeche Mode,The Best Of Volume 1,Electronic,,,,,
356,DJ Krush,Kakusei,Electronic,,,,,
357,DJ Krush,The Message At The Depth,Electronic,,,,,
358,E-Z Rollers,Dimension of Sound,Electronic,,,,,
359,E-Z Rollers,Weekend world,Electronic,,,,,
360,Everything But The Girl,Temperamental,Electronic,,,,,
361,Faithless,Forever Faithless,Electronic,,,,,
362,Fatboy Slim,Better living through chemistry,Electronic,,,,,
363,Fatboy Slim,You've Come A Long Way Baby,Electronic,,,,,
364,Fatboy Slim,Halfway between the gutter and the stars,Electronic,,,,,
365,Girl Talk,Feed The Animals,Electronic,,,,,
366,Goldfrapp,Felt Mountain,Electronic,,,,,
367,Goldfrapp,Black Cherry,Electronic,,,,,
368,Goldfrapp,Supernature,Electronic,,,,,
369,Goldfrapp - 2001 - Felt Mountain,Felt Mountain (CD1),Goldfrapp,,,,,
370,Goldfrapp - 2001 - Felt Mountain,Felt Mountain (CD2),Goldfrapp,,,,,
371,Goose,Bring It On (Limited Edition),Electronic,,,,,
372,Hot Chip,Made In The Dark,Electronic,,,,,
373,Jamiroquai,Emergency on Planet Earth,Electronic,,,,,
374,Jamiroquai,The Return of the Space Cowboy,Electronic,,,,,
375,Jamiroquai,Travelling Without Moving,Electronic,,,,,
376,Kraftwerk,Autobahn,Electronic,,,,,
377,LFO,Frequencies,Electronic,,,,,
378,Luke Vibert,Lover's Acid,Electronic,,,,,
379,Manuel Gottsching,4,Electronic,,,,,
380,Martyn,Great Lengths,Electronic,,,,,
381,Moby,The Very Best Of,Electronic,,,,,
382,Moby - The Very Best Of,The Very Best Of,Moby,,,,,
383,Mouse On Mars,Vulvaland,Electronic,,,,,
384,Murcof,Martes,Electronic,,,,,
385,Noisia,Split The Atom,Electronic,,,,,
386,Peaches, Teaches of Peaches,Electronic,,,,,
387,Pendulum,In Silico,Electronic,,,,,
388,Propeller Heads,Decksandrumsandrockandroll,Electronic,,,,,
389,RJD2,Deadringer,Electronic,,,,,
390,RJD2,Since We Last Spoke,Electronic,,,,,
391,Samim,Flow,Electronic,,,,,
392,Skream,Skream!,Electronic,,,,,
393,Squarepusher,Hard Normal Daddy,Electronic,,,,,
394,Squarepusher,Budakhan Mindphone,Electronic,,,,,
395,Squarepusher,Go Plastic,Electronic,,,,,
396,Squarepusher,Ultravisitor,Electronic,,,,,
397,Sub Focus,Sub Focus,Electronic,,,,,
398,The Chemical Brothers,Exit Planet Dust,Electronic,,,,,
399,The Chemical Brothers,Dig Your Own Hole,Electronic,,,,,
400,The Chemical Brothers,Surrender,Electronic,,,,,
401,The Chemical Brothers,3,Electronic,,,,,
402,The Chemical Brothers,Push the Button,Electronic,,,,,
403,The Crystal Method,Vegas,Electronic,,,,,
404,The Herbaliser,Very Mercenary,Electronic,,,,,
405,The Herbaliser,Blow Your Headphones,Electronic,,,,,
406,The Herbaliser,Something Wicked,Electronic,,,,,
407,The KLF,Chill Out,Electronic,,,,,
408,The KLF,The White Room,Electronic,,,,,
409,The Orb,Adventures Beyond the Ultraworld,Electronic,,,,,
410,The Orb,Orblivion,Electronic,,,,,
411,The Prodigy,What Evil Lurks [EP],Electronic,,,,,
412,The Prodigy,Experience,Electronic,,,,,
413,The Prodigy,Music for the jilted generation,Electronic,,,,,
414,The Prodigy,The Fat Of The Land,Electronic,,,,,
415,The Prodigy,Dirtchamber Sessions,Electronic,,,,,
416,The Prodigy,Always Outnumbered Never Outgunned,Electronic,,,,,
417,The Prodigy,005,Electronic,,,,,
418,The Prodigy,Invaders Must Die,Electronic,,,,,
419,Tiefschwarz,RAL 9005,Electronic,,,,,
420,Tiefschwarz,Eat Books,Electronic,,,,,
421,Ulver,Perdition City,Electronic,,,,,
422,Unkle,Psyence Fiction,Electronic,,,,,
423,Zomby,Where Were U in '92,Electronic,,,,,
424,A.I.D.S,Royal TS Nr.3,German,,,,,
425,A.I.D.S,Garnicht So Schlimm,German,,,,,
426,Absolute beginner,Bambule,German,,,,,
427,Absolute beginner,Blast Action Heroes,German,,,,,
428,Aggro Berlin,Ansage Nr.1,German,,,,,
429,Aggro Berlin,Ansage Nr.2,German,,,,,
430,Aggro Berlin,Ansage Nr.3,German,,,,,
431,Blumentopf,1997 . Kein Zufall,German,,,,,
432,Blumentopf,Eins A,German,,,,,
433,Bushido,Vom Bordstein bis zur Skyline,German,,,,,
434,Bushido,Staatsfeind Nr.1,German,,,,,
435,Deichkind,Arbeit Nervt,German,,,,,
436,Die Kassierer,Der heilige geist greift an,German,,,,,
437,Die Kassierer,Musik für beide Ohren,German,,,,,
438,Die Kassierer,"Menschen, Bomben, Satteliten",German,,,,,
439,Die Schröders,Das Beste,German,,,,,
440,Die Schröders,Schwer scheff !,German,,,,,
441,Die Toten Hosen,Reich & Sexy II,German,,,,,
442,Die Toten Hosen - Reich & Sexy II,Die Fetten Jahre,Die Toten Hosen,,,,,
443,Die Toten Hosen - Reich & Sexy II,eiten aus 20 Jahren,Die Toten Hosen,,,,,
444,Die Ärzte,Debil,German,,,,,
445,Die Ärzte,Die Ärzte,German,,,,,
446,Die Ärzte,Ab 18,German,,,,,
447,Die Ärzte,der ausverkauf geht weiter,German,,,,,
448,Die Ärzte,Die bestie in menschengestalt,German,,,,,
449,Die Ärzte,Das Beste Von Kurz Nach Früher Bis Jetze,German,,,,,
450,Die Ärzte,Planet Punk,German,,,,,
451,Die Ärzte,13,German,,,,,
452,Die Ärzte,Runter mit den Spendierhosen Fremder,German,,,,,
453,Die Ärzte,Geräusch,German,,,,,
454,Die Ärzte,Devil,German,,,,,
455,Die Ärzte,Jazz Ist Anders [Economy],German,,,,,
456,Dynamite Deluxe,Deluxe Soundsystem,German,,,,,
457,Element of Crime,Mittelpunkt der Welt,German,,,,,
458,Element of Crime,Weisses Papier,German,,,,,
459,Falco,Greatest Hits,German,,,,,
460,Fanta 4,005,German,,,,,
461,Fettes Brot,Amnesie,German,,,,,
462,Herbert Grönemeyer,Mensch,German,,,,,
463,Herbert Grönemeyer,Was Muss Muss,German,,,,,
464,Herbert Grönemeyer - 2008 - Was Muss Muss,Was Muss Muss (CD1),Herbert Grönemeyer,,,,,
465,Herbert Grönemeyer - 2008 - Was Muss Muss,Was Muss Muss (CD2),Herbert Grönemeyer,,,,,
466,K.I.Z,Das Rapdeutschlandkettensaegenmassaker,German,,,,,
467,K.I.Z,Boehse Enkelz,German,,,,,
468,K.I.Z,Hahnenkampf,German,,,,,
469,K.I.Z,Sexismus Gegen Rechts,German,,,,,
470,K.I.Z,Urlaub Fuers Gehirn,German,,,,,
471,K.I.Z,Ganz Oben,German,,,,,
472,K.I.Z,Hurra Die Welt Geht Unter,German,,,,,
473,Kool Savas,der beste tag meines lebens,German,,,,,
474,Mediengruppe Telekommander,Die ganze Kraft einer Kultur,German,,,,,
475,Nena,Hit Collection,German,,,,,
476,Olli Banjo,Erste Hilfe,German,,,,,
477,Peter Fox,Stadtaffe,German,,,,,
478,Prinz Pi,Teenage Mutant Horror Show 2,German,,,,,
479,Samy Deluxe,Deluxe Records Lets Go,German,,,,,
480,Samy Deluxe,Samy deluxe,German,,,,,
481,Samy Deluxe,Verdammtnochma,German,,,,,
482,Seeed,Next,German,,,,,
483,Seeed,Music Monks,German,,,,,
484,Seeed,New Dubby Conquerors,German,,,,,
485,Sido,Maske,German,,,,,
486,Tocotronic,Digital ist besser,German,,,,,
487,Tocotronic,Wir Kommen Um Uns Zu Beschweren,German,,,,,
488,Tocotronic,K.O.O.K,German,,,,,
489,Tocotronic,Tocotronic,German,,,,,
490,Tocotronic,Bsides,German,,,,,
491,Tocotronic,The Best Of Tocotronic,German,,,,,
492,Tocotronic,Kapitulation,German,,,,,
493,Tocotronic,Schall und Wahn,German,,,,,
494,Tocotronic - 2002 - Tocotronic,Tocotronic,Tocotronic,,,,,
495,Tocotronic - 2005 - The Best Of Tocotronic,The Best of Tocotronic CD1,Tocotronic,,,,,
496,Tocotronic - 2005 - The Best Of Tocotronic,The Best of Tocotronic CD2,Tocotronic,,,,,
497,Ton Steine Scherben,Keine Macht für Niemand,German,,,,,
498,Wir Sind Helden,Die Reklamation,German,,,,,
499,Wir Sind Helden,Von Hier an Blind,German,,,,,
500,Bodh Gaya,Ayahusca,Goa # Psytrance,,,,,
501,Hallucinogen,Twisted,Goa # Psytrance,,,,,
502,Infected Mushroom,The Gathering,Goa # Psytrance,,,,,
503,Infected Mushroom,Classical Mushroom,Goa # Psytrance,,,,,
504,Infected Mushroom,Vicious Delicious,Goa # Psytrance,,,,,
505,Infected Mushroom,Legend of the Black Shawarma,Goa # Psytrance,,,,,
506,Infected Mushroom,Army of Mushrooms,Goa # Psytrance,,,,,
507,SBK,Morgenlatte [rmx],Goa # Psytrance,,,,,
508,Shpongle,Are you Shpongled,Goa # Psytrance,,,,,
509,Shpongle,Tales of the Inexpressible,Goa # Psytrance,,,,,
510,Shpongle,Nothing Lasts... But Nothing Is Lost,Goa # Psytrance,,,,,
511,Hip-Hop,ang Clan,Soundperlen,,,,,
512,2Pac,All Eyez On Me,Hip-Hop,,,,,
513,2Pac,Greatest Hits,Hip-Hop,,,,,
514,2Pac,Me Against the World,Hip-Hop,,,,,
515,2Pac - 1996 - All Eyez On Me,All Eyez On Me (CD1),2Pac,,,,,
516,2Pac - 1996 - All Eyez On Me,All Eyez On Me (CD2),2Pac,,,,,
517,2Pac - Greatest Hits,CD1,2Pac,,,,,
518,2Pac - Greatest Hits,CD2,2Pac,,,,,
519,A Tribe Called Quest,Midnight Marauders,Hip-Hop,,,,,
520,A Tribe Called Quest,People's Instinctive Travels and the Paths of Rhythm,Hip-Hop,,,,,
521,A Tribe Called Quest,The low end theory,Hip-Hop,,,,,
522,A Tribe Called Quest,we got it from here... thank you 4 your service,Hip-Hop,,,,,
523,Afrika Bambaataa,Planet Rock,Hip-Hop,,,,,
524,Beastie Boys,Licensed to Ill,Hip-Hop,,,,,
525,Beastie Boys,Kopie,Hip-Hop,,,,,
526,Beastie Boys,Paul's Boutique,Hip-Hop,,,,,
527,Beastie Boys,Check Your Head,Hip-Hop,,,,,
528,Beastie Boys,Ill Communication,Hip-Hop,,,,,
529,Beastie Boys,Some Old Bullshit,Hip-Hop,,,,,
530,Beastie Boys,Tour Shot!,Hip-Hop,,,,,
531,Beastie Boys,Aglio E Olio,Hip-Hop,,,,,
532,Beastie Boys,Root Down [EP],Hip-Hop,,,,,
533,Beastie Boys,The In Sound From Way Out!,Hip-Hop,,,,,
534,Beastie Boys,Hello Nasty,Hip-Hop,,,,,
535,Beastie Boys,The Sounds Of Science,Hip-Hop,,,,,
536,Beastie Boys,Def Before Dishonor,Hip-Hop,,,,,
537,Beastie Boys,To The 5 Boroughs,Hip-Hop,,,,,
538,Beastie Boys,Solid Gold Hits,Hip-Hop,,,,,
539,Beastie Boys,Kopie,Hip-Hop,,,,,
540,Beastie Boys,p,Hip-Hop,,,,,
541,Black Eyed Peas,Behind the Front,Hip-Hop,,,,,
542,Black Eyed Peas,Bridging the gap,Hip-Hop,,,,,
543,Black Eyed Peas,Elephunk,Hip-Hop,,,,,
544,Black Eyed Peas,Monkey Business,Hip-Hop,,,,,
545,Black Eyed Peas,The E.N.D,Hip-Hop,,,,,
546,Boogie Down Productions,Criminal Minded,Hip-Hop,,,,,
547,Cypress Hill,Greatest Hits,Hip-Hop,,,,,
548,Cypress Hill,Black Sunday,Hip-Hop,,,,,
549,Cypress Hill,Cypress Hill,Hip-Hop,,,,,
550,Die Antwoord,$O$,Hip-Hop,,,,,
551,Die Antwoord,ension,Hip-Hop,,,,,
552,DMX,Pick Of The Litter,Hip-Hop,,,,,
553,Dr. Dre,2001,Hip-Hop,,,,,
554,Dr. Dre,The Chronic,Hip-Hop,,,,,
555,Dälek,2005,Hip-Hop,,,,,
556,Eminem,Curtain Call The Hits,Hip-Hop,,,,,
557,Eminem,Encore,Hip-Hop,,,,,
558,Eminem,Recovery,Hip-Hop,,,,,
559,Eminem,Relapse,Hip-Hop,,,,,
560,Eminem,The eminem show,Hip-Hop,,,,,
561,Eminem,The Marshall Mathers LP,Hip-Hop,,,,,
562,Eminem,The Slim Shady LP,Hip-Hop,,,,,
563,Erik B. & Rakim,Paid in Full,Hip-Hop,,,,,
564,Erykah Badu,New Amerykah Part One (4th World War),Hip-Hop,,,,,
565,Gang Starr,the best of Gangstarr,Hip-Hop,,,,,
566,GZA,Liquid Swords,Hip-Hop,,,,,
567,IAM,L'École Du Micro D'Argent,Hip-Hop,,,,,
568,Jon Lajoie,You Want Some Of This,Hip-Hop,,,,,
569,Kanye West,College Dropout,Hip-Hop,,,,,
570,Kendrick Lamar,To Pimp A Butterfly,Hip-Hop,,,,,
571,LL Cool J,All World,Hip-Hop,,,,,
572,LL Cool J,All World 2,Hip-Hop,,,,,
573,LL Cool J,All world greatest hits,Hip-Hop,,,,,
574,Madvillain,Madvillainy,Hip-Hop,,,,,
575,MC Solaar,Qui sème le vent récolte le tempo,Hip-Hop,,,,,
576,N.W.A, Straight Outta Compton (Remastered),Hip-Hop,,,,,
577,Nas,Illmatic,Hip-Hop,,,,,
578,Nas,It was written,Hip-Hop,,,,,
579,Old Dirty Bastard,Best Of,Hip-Hop,,,,,
580,Public Enemy,It Takes A Nation Of Millions To Hold Us Back,Hip-Hop,,,,,
581,Public Enemy,Power To The People And The Beats [Greatest Hits],Hip-Hop,,,,,
582,Raekwon,Only Built 4 Cuban Linx,Hip-Hop,,,,,
583,Run DMC,Greatest Hits,Hip-Hop,,,,,
584,Snoop Doggy Dogg,Doggystyle,Hip-Hop,,,,,
585,Spearhead,Chocolate Supa Highway,Hip-Hop,,,,,
586,The Notorious B.I.G,Ready to Die,Hip-Hop,,,,,
587,The Roots,Phrenology,Hip-Hop,,,,,
588,The Streets,Original Pirate Material,Hip-Hop,,,,,
589,The Streets,A Grand Don't Come For Free,Hip-Hop,,,,,
590,The Streets,The Hardest Way To Make An Easy Living,Hip-Hop,,,,,
591,The Streets,Everything Is Borrowed,Hip-Hop,,,,,
592,Wu-Tang Clan,Enter the Wu Tang,Hip-Hop,,,,,
593,Wu-Tang Clan,ang Forever,Hip-Hop,,,,,
594,Wu-Tang Clan,The W,Hip-Hop,,,,,
595,Wu-Tang Clan,Iron flag,Hip-Hop,,,,,
596,Wu-Tang Clan,8 Diagrams,Hip-Hop,,,,,
597,Wu-Tang Clan,ang Meets The Indie Culture Vol. 2 Enter The Dubstep,Hip-Hop,,,,,
598,Wu-Tang Clan - 1999 - Wu-Tang Forever,ang Forever CD1,Wu-Tang Clan,,,,,
599,Wu-Tang Clan - 1999 - Wu-Tang Forever,ang Forever CD2,Wu-Tang Clan,,,,,
600,Xzibit,Man Vs Machine,Hip-Hop,,,,,
601,Xzibit,Restless,Hip-Hop,,,,,
602,2 Many DJ's,As Heard On Radio Soulwax Part 01,House,,,,,
603,2 Many DJ's,As Heard On Radio Soulwax Part 02,House,,,,,
604,Armand Van Helden,You Dont Know Me (The Best Of),House,,,,,
605,Basement Jaxx,Remedy,House,,,,,
606,Basement Jaxx,Rooty,House,,,,,
607,Booka Shade,Movements,House,,,,,
608,Daft Punk,Homework,House,,,,,
609,Daft Punk,Discovery,House,,,,,
610,Daft Punk,Alive 2007,House,,,,,
611,Daft Punk,Tron Legacy,House,,,,,
612,David Guetta,Pop Life,House,,,,,
613,David Guetta,One Love (Special Edition),House,,,,,
614,David Guetta - 2009 - One Love (Special Edition),One Love (Special Edition) (CD1),David Guetta,,,,,
615,David Guetta - 2009 - One Love (Special Edition),One Love (Special Edition) (CD2),David Guetta,,,,,
616,Digitalism,Idealism,House,,,,,
617,DJ Sprinkles,Midtown 120 Blues,House,,,,,
618,Frankie Knuckles,His greatest Hits from Trax,House,,,,,
619,Groove Armada,Greatest Hits,House,,,,,
620,Justice,Cross,House,,,,,
621,Leftfield,Leftism,House,,,,,
622,Leftfield,Rhythm and Stealth,House,,,,,
623,Les Rythmes Digitales,Darkdancer (Remastered),House,,,,,
624,Mr. Oizo,Analog Worms Attack,House,,,,,
625,Mr. Oizo,Moustache,House,,,,,
626,Mr. Oizo,Lambs Anger,House,,,,,
627,Mylo,Destroy rock and roll,House,,,,,
628,Pantha Du Prince,Black Noise,House,,,,,
629,Pantha Du Prince,This Bliss,House,,,,,
630,Soulwax,Much against everyone's advice,House,,,,,
631,Soulwax,Any Minute Now,House,,,,,
632,Soulwax,Nite Versions,House,,,,,
633,St.Germain,Boulevard,House,,,,,
634,St.Germain,Tourist,House,,,,,
635,Thomas Bangalter,Irreversible,House,,,,,
636,Tiga,DJ Kicks,House,,,,,
637,Tiga,Ciao,House,,,,,
638,Tiga,Sexor,House,,,,,
639,Arcade Fire,Funeral,Indie Rock,,,,,
640,Arcade Fire,Neon Bible,Indie Rock,,,,,
641,Arctic Monkeys,I Bet You Look Good On The Dance floor [Single],Indie Rock,,,,,
642,Arctic Monkeys,Leave Before The Lights Come On [Single],Indie Rock,,,,,
643,Arctic Monkeys,"Whatever people say i am, that's what i'm not",Indie Rock,,,,,
644,Arctic Monkeys,When The Sun Goes Down [Single],Indie Rock,,,,,
645,Arctic Monkeys,Who the Fuck Are Arctic Monkeys [EP],Indie Rock,,,,,
646,Arctic Monkeys,Favourite Worst Nightmare,Indie Rock,,,,,
647,Arctic Monkeys,Teddy Picker [Single],Indie Rock,,,,,
648,Arctic Monkeys,Humbug,Indie Rock,,,,,
649,Arctic Monkeys,Suck It and See,Indie Rock,,,,,
650,Arctic Monkeys,AM,Indie Rock,,,,,
651,Babyshambles,Down In Albion,Indie Rock,,,,,
652,Babyshambles,Shotter's Nation,Indie Rock,,,,,
653,Belle and Sebastian,If You're Feeling Sinister,Indie Rock,,,,,
654,Bloc Party,Silent Alarm,Indie Rock,,,,,
655,Bloc Party,Silent Alarm Remixed,Indie Rock,,,,,
656,Bloc Party,A Weekend in the City,Indie Rock,,,,,
657,Death Cab for Cutie,The Photo Album,Indie Rock,,,,,
658,Death Cab for Cutie,Transatlanticism,Indie Rock,,,,,
659,Death Cab for Cutie,Plans,Indie Rock,,,,,
660,Death Cab for Cutie,Narrow Stairs,Indie Rock,,,,,
661,Franz Ferdinand,Franz Ferdinand,Indie Rock,,,,,
662,Franz Ferdinand,You Could Have It So Much Better,Indie Rock,,,,,
663,Franz Ferdinand,Tonight Franz Ferdinand,Indie Rock,,,,,
664,Interpol,Turn On The Bright Lights,Indie Rock,,,,,
665,Interpol,Antics,Indie Rock,,,,,
666,Jimmy Eat World,Bleed American,Indie Rock,,,,,
667,Jimmy Eat World,Clarity,Indie Rock,,,,,
668,Kaiser Chiefs,Employment,Indie Rock,,,,,
669,Kaiser Chiefs,Yours Truly Angry Mob,Indie Rock,,,,,
670,Kings of Leon,Youth And Young Manhood,Indie Rock,,,,,
671,Kings of Leon,Aha Shake Heartbreak,Indie Rock,,,,,
672,Kings of Leon,Because Of The Times,Indie Rock,,,,,
673,Kings of Leon,Only By The Night,Indie Rock,,,,,
674,Mando Diao,Bring Em In,Indie Rock,,,,,
675,Mando Diao,Hurricane Bar,Indie Rock,,,,,
676,Maximo Park,A certain trigger,Indie Rock,,,,,
677,Maximo Park,Missing Songs,Indie Rock,,,,,
678,Maximo Park,Our Earthly Pleasures,Indie Rock,,,,,
679,MGMT,Oracular Spectacular,Indie Rock,,,,,
680,Modest Mouse,The Lonesome Crowded West,Indie Rock,,,,,
681,Modest Mouse,The Moon & Antarctica,Indie Rock,,,,,
682,Modest Mouse,Good News For People who love bad News,Indie Rock,,,,,
683,Modest Mouse,We Were Dead Before the Ship Even Sank,Indie Rock,,,,,
684,My Bloody Valentine,Loveless,Indie Rock,,,,,
685,Pete Doherty,Grace Wasteland,Indie Rock,,,,,
686,Pixies,Surfer Rosa and Come On Pilgrim,Indie Rock,,,,,
687,Pixies,Doolittle,Indie Rock,,,,,
688,Pixies,Bossanova,Indie Rock,,,,,
689,Pixies,Trompe le Monde,Indie Rock,,,,,
690,Pixies,991,Indie Rock,,,,,
691,Pixies,Live At The BBC,Indie Rock,,,,,
692,Pixies,Complete B Sides,Indie Rock,,,,,
693,Radiohead,Pablo Honey,Indie Rock,,,,,
694,Radiohead,The Bends,Indie Rock,,,,,
695,Radiohead,OK Computer,Indie Rock,,,,,
696,Radiohead,Kid A,Indie Rock,,,,,
697,Radiohead,Amnesiac,Indie Rock,,,,,
698,Radiohead,Live Recordings,Indie Rock,,,,,
699,Radiohead,Hail to the thief,Indie Rock,,,,,
700,Radiohead,In Rainbows,Indie Rock,,,,,
701,Radiohead,The Best Of,Indie Rock,,,,,
702,Sleater Kinney,All hands on the bad one,Indie Rock,,,,,
703,Sleater Kinney,One Beat,Indie Rock,,,,,
704,Sleater Kinney,The Woods,Indie Rock,,,,,
705,The Decemberists,Picaresque,Indie Rock,,,,,
706,The Hives,Tyrannosaurus Hives,Indie Rock,,,,,
707,The Killers,Hot Fuss,Indie Rock,,,,,
708,The Libertines,The Libertines,Indie Rock,,,,,
709,The Libertines,Up The Bracket,Indie Rock,,,,,
710,The Postal Service,Give up,Indie Rock,,,,,
711,The Shins,"Oh, Inverted World",Indie Rock,,,,,
712,The Shins,Chutes Too Narrow,Indie Rock,,,,,
713,The Shins,Wincing the Night Away,Indie Rock,,,,,
714,The Strokes,Is this it,Indie Rock,,,,,
715,The Strokes,Room On Fire,Indie Rock,,,,,
716,The Strokes,First Impressions Of Earth,Indie Rock,,,,,
717,The Strokes,Angles,Indie Rock,,,,,
718,The Whitest Boy Alive,Rules,Indie Rock,,,,,
719,They Might be Giants,Flood,Indie Rock,,,,,
720,Vampire Weekend,Vampire Weekend,Indie Rock,,,,,
721,Vampire Weekend,Contra,Indie Rock,,,,,
722,Yeah Yeah Yeahs,Fever To Tell,Indie Rock,,,,,
723,Yo La Tengo,ut,Indie Rock,,,,,
724,KMFDM,What Do You Know Deutschland,Industrial,,,,,
725,KMFDM,Don't Blow Your Top,Industrial,,,,,
726,KMFDM,Virus,Industrial,,,,,
727,KMFDM,Godlike,Industrial,,,,,
728,KMFDM,Naïve,Industrial,,,,,
729,KMFDM,Split,Industrial,,,,,
730,KMFDM,Money,Industrial,,,,,
731,KMFDM,Vogue,Industrial,,,,,
732,KMFDM,Angst,Industrial,,,,,
733,KMFDM,Nihil,Industrial,,,,,
734,KMFDM,Rules,Industrial,,,,,
735,KMFDM,XTORT,Industrial,,,,,
736,KMFDM,Symbols,Industrial,,,,,
737,KMFDM,Agogo,Industrial,,,,,
738,KMFDM,Adios,Industrial,,,,,
739,KMFDM,Light,Industrial,,,,,
740,KMFDM,Attak,Industrial,,,,,
741,KMFDM,WWIII,Industrial,,,,,
742,KMFDM,Hau Ruck,Industrial,,,,,
743,Marilyn Manson,Portrait of an american family,Industrial,,,,,
744,Marilyn Manson,Smells like children,Industrial,,,,,
745,Marilyn Manson,Antichrist superstar,Industrial,,,,,
746,Marilyn Manson,Mechanical animals,Industrial,,,,,
747,Marilyn Manson,Last tour on earth,Industrial,,,,,
748,Marilyn Manson,Holy wood,Industrial,,,,,
749,Marilyn Manson,The Golden Age of Grotesque,Industrial,,,,,
750,Marilyn Manson,Lest We Forget,Industrial,,,,,
751,Marilyn Manson,Eat Me Drink Me,Industrial,,,,,
752,Nine Inch Nails,Pretty hate machine,Industrial,,,,,
753,Nine Inch Nails,Closer To God,Industrial,,,,,
754,Nine Inch Nails,The Downward Spiral,Industrial,,,,,
755,Nine Inch Nails,The Fragile,Industrial,,,,,
756,Nine Inch Nails,Still,Industrial,,,,,
757,Nine Inch Nails,With teeth,Industrial,,,,,
758,Nine Inch Nails,Y34RZ3R0R3M1X3D,Industrial,,,,,
759,Nine Inch Nails,Year Zero,Industrial,,,,,
760,Nine Inch Nails,V,Industrial,,,,,
761,Rammstein,Herzeleid,Industrial,,,,,
762,Rammstein,Das Modell,Industrial,,,,,
763,Rammstein,Engel Fan Edition,Industrial,,,,,
764,Rammstein,Sehnsucht,Industrial,,,,,
765,Rammstein,Mutter,Industrial,,,,,
766,Rammstein,Lichtspielhaus,Industrial,,,,,
767,Rammstein,Reise Reise,Industrial,,,,,
768,Rammstein,Rosenrot,Industrial,,,,,
769,Rammstein,Völkerball,Industrial,,,,,
770,Rammstein,Liebe Ist Für Alle Da,Industrial,,,,,
771,Alice In Chains,Dirt,Metal,,,,,
772,Alice In Chains,Greatest Hits,Metal,,,,,
773,Anathema,Eternity,Metal,,,,,
774,Anathema,Alternative 4,Metal,,,,,
775,Anathema,Judgement,Metal,,,,,
776,Anthrax,Among the living,Metal,,,,,
777,Burzum,Filosofem,Metal,,,,,
778,Burzum,The Ways Of Yore,Metal,,,,,
779,Children Of Bodom,Hate Crew Deathroll,Metal,,,,,
780,Deftones,White Pony,Metal,,,,,
781,Diablo,Eternium,Metal,,,,,
782,Diablo,Mimic47,Metal,,,,,
783,Disturbed,The Sickness,Metal,,,,,
784,Fear Factory,Demanufacture,Metal,,,,,
785,Fear Factory,Digimortal,Metal,,,,,
786,Fear Factory,Archetype,Metal,,,,,
787,In Flames,Reroute to remain,Metal,,,,,
788,In Flames,Come Clarity,Metal,,,,,
789,Iron Maiden,The Best of the Beast,Metal,,,,,
790,Judas Priest,Sad Wings Of Destiny,Metal,,,,,
791,Judas Priest,British Steel,Metal,,,,,
792,Judas Priest,Defenders of the faith,Metal,,,,,
793,Katatonia,Brave murder day,Metal,,,,,
794,Katatonia,Viva emptiness,Metal,,,,,
795,Life of Agony,River Runs Red,Metal,,,,,
796,Limp Bizkit,Greatest Hitz,Metal,,,,,
797,Linkin Park,Hybrid Theory,Metal,,,,,
798,Linkin Park,Reanimation,Metal,,,,,
799,Megadeth,Rust in peace,Metal,,,,,
800,Motorhead,The best of,Metal,,,,,
801,P.O.D,Satellite,Metal,,,,,
802,Papa Roach,Infest,Metal,,,,,
803,Rage Against The Machine,Rage against the machine,Metal,,,,,
804,Rage Against The Machine,Evil Empire,Metal,,,,,
805,Rage Against The Machine,Battle of Los Angeles,Metal,,,,,
806,Rage Against The Machine,Renegades,Metal,,,,,
807,Sunn O))),Black One,Metal,,,,,
808,System Of A Down,System Of A Down,Metal,,,,,
809,System Of A Down,Toxicity,Metal,,,,,
810,System Of A Down,Steal This Album,Metal,,,,,
811,System Of A Down,Hypnotize,Metal,,,,,
812,System Of A Down,Mesmerize,Metal,,,,,
813,Tiamat,Wildhoney,Metal,,,,,
814,Type O Negative,Slow Deep And Hard,Metal,,,,,
815,Type O Negative,Bloody Kisses,Metal,,,,,
816,Type O Negative,October Rust,Metal,,,,,
817,Type O Negative,World Coming Down,Metal,,,,,
818,Type O Negative,Life is Killing Me,Metal,,,,,
819,Punk # Ska,n,Soundperlen,,,,,
820,At the Drive-In,Relationship of command,Punk # Ska,,,,,
821,Bad Religion,Suffer,Punk # Ska,,,,,
822,Blink 182,Blink 182,Punk # Ska,,,,,
823,Blur,The Best of,Punk # Ska,,,,,
824,Dropkick Murphys,Do Or Die,Punk # Ska,,,,,
825,Green Day,American Idiot,Punk # Ska,,,,,
826,Green Day,International Superhits,Punk # Ska,,,,,
827,NOFX,Never trust a hippy,Punk # Ska,,,,,
828,NOFX,Punk in Drublic,Punk # Ska,,,,,
829,NOFX,The War on Errorism,Punk # Ska,,,,,
830,Oasis,002,Punk # Ska,,,,,
831,Pavement,Slanted & Enchanted,Punk # Ska,,,,,
832,Pennywise,About time,Punk # Ska,,,,,
833,Pennywise,Full Circle,Punk # Ska,,,,,
834,Pennywise,Land Of The Free,Punk # Ska,,,,,
835,Rancid,And out come the wolves,Punk # Ska,,,,,
836,Rancid,Life won't wait,Punk # Ska,,,,,
837,Rancid,Indestructible,Punk # Ska,,,,,
838,Sex Pistols,Greatest Hits,Punk # Ska,,,,,
839,Smashing Pumpkins,Rotten Apples,Punk # Ska,,,,,
840,Sublime,40 oz. to Freedom,Punk # Ska,,,,,
841,Sublime,Sublime,Punk # Ska,,,,,
842,The Bloodhound Gang,Hefty Fine Advance,Punk # Ska,,,,,
843,The Bloodhound Gang,Hooray For Boobies,Punk # Ska,,,,,
844,The Clash,Combat Rock,Punk # Ska,,,,,
845,The Clash,London Calling,Punk # Ska,,,,,
846,The Offspring,The Offspring,Punk # Ska,,,,,
847,The Offspring,Ignition,Punk # Ska,,,,,
848,The Offspring,Smash,Punk # Ska,,,,,
849,The Offspring,Americana,Punk # Ska,,,,,
850,The Ramones,Ramones,Punk # Ska,,,,,
851,The Ramones,Rocket to Russia,Punk # Ska,,,,,
852,The Ramones,Best Of,Punk # Ska,,,,,
853,Wizo,Für'n Arsch,Punk # Ska,,,,,
854,Wizo,Uuaarrgh!,Punk # Ska,,,,,
855,Bob Marley,Catch a fire,Reggae # Dub,,,,,
856,Bob Marley,Burnin',Reggae # Dub,,,,,
857,Bob Marley,Natty Dread,Reggae # Dub,,,,,
858,Bob Marley,Live,Reggae # Dub,,,,,
859,Bob Marley,Rastaman Vibration,Reggae # Dub,,,,,
860,Bob Marley,Exodus,Reggae # Dub,,,,,
861,Bob Marley,Babylone by bus [Live],Reggae # Dub,,,,,
862,Bob Marley,Kaya,Reggae # Dub,,,,,
863,Bob Marley,Survival,Reggae # Dub,,,,,
864,Bob Marley,Uprising,Reggae # Dub,,,,,
865,Bob Marley,Confrontation,Reggae # Dub,,,,,
866,Bob Marley,Legend,Reggae # Dub,,,,,
867,Collie Buddz,Collie Buddz,Reggae # Dub,,,,,
868,Culture,Two Sevens Clash,Reggae # Dub,,,,,
869,Culture,Two Sevens Clash (Anniversary Edition),Reggae # Dub,,,,,
870,Dub Fx,Everythinks A Ripple,Reggae # Dub,,,,,
871,Gentleman,Journey To  Jah,Reggae # Dub,,,,,
872,Jimmy Cliff,the harder they come,Reggae # Dub,,,,,
873,Mad Professor,Psychedelic Dub,Reggae # Dub,,,,,
874,Matisyahu,Youth,Reggae # Dub,,,,,
875,Matisyahu,Light,Reggae # Dub,,,,,
876,Rebelution,Rebelution,Reggae # Dub,,,,,
877,Rebelution,Bright Side Of Life,Reggae # Dub,,,,,
878,Rebelution,Peace of Mind,Reggae # Dub,,,,,
879,Rebelution,Courage to Grow,Reggae # Dub,,,,,
880,Rebelution,Remix EP,Reggae # Dub,,,,,
881,Scientist,Scientist Rids the World of the Evil Curse of the Vampires,Reggae # Dub,,,,,
882,Shaggy,Lucky day,Reggae # Dub,,,,,
883,Specials,The Specials,Reggae # Dub,,,,,
884,The Congos,Heart of the congos,Reggae # Dub,,,,,
885,The Upsetters,14 Dub Blackboard Jungle,Reggae # Dub,,,,,
886,The Upsetters,Super Ape,Reggae # Dub,,,,,
887,UB40,000,Reggae # Dub,,,,,
888,Audioslave,Audioslave,Rock,,,,,
889,Audioslave,Out of exile,Rock,,,,,
890,Audioslave,Revelations,Rock,,,,,
891,Bo Hansson,Sagan om Ringen,Rock,,,,,
892,Brian Eno & David Bryne,My Life in The Bush of Ghosts,Rock,,,,,
893,Bryan Adams,Anthology,Rock,,,,,
894,Buckethead,Electric Tears,Rock,,,,,
895,Buckethead,Population Override,Rock,,,,,
896,Buckethead,Chicken Noodles,Rock,,,,,
897,Buckethead,Hold Me Forever,Rock,,,,,
898,Calexico,a feast of wire,Rock,,,,,
899,Can,Tago Mago,Rock,,,,,
900,Enya,The Collection,Rock,,,,,
901,Enya - Only Time - The Collection,The Collection (CD1),Enya,,,,,
902,Enya - Only Time - The Collection,The Collection (CD2),Enya,,,,,
903,Enya - Only Time - The Collection,The Collection (CD3),Enya,,,,,
904,Enya - Only Time - The Collection,The Collection (CD4),Enya,,,,,
905,Fugees,The score,Rock,,,,,
906,Funkadelic,Maggot Brain,Rock,,,,,
907,Garbage,Garbage,Rock,,,,,
908,Gorillaz,Gorillaz,Rock,,,,,
909,Gorillaz,Demon Days,Rock,,,,,
910,Gorillaz,Plastic Beach,Rock,,,,,
911,Guns n' Roses,Appetite for Destruction,Rock,,,,,
912,Guns n' Roses,Use Your Illusion I,Rock,,,,,
913,Guns n' Roses,Use Your Illusion II,Rock,,,,,
914,Joy Division,Closer,Rock,,,,,
915,Joy Division,Unknown Pleasures [Remastered],Rock,,,,,
916,Lenny Kravitz,Greatest Hits,Rock,,,,,
917,Michael Jackson,Thriller,Rock,,,,,
918,Naxatras,Naxatras,Rock,,,,,
919,New Order,"Power, Corruption & Lies",Rock,,,,,
920,Nico,The marble index,Rock,,,,,
921,Nico,Desertshore,Rock,,,,,
922,Nirvana,Bleach,Rock,,,,,
923,Nirvana,Stiff Drinks,Rock,,,,,
924,Nirvana,Nevermind,Rock,,,,,
925,Nirvana,Incesticide,Rock,,,,,
926,Nirvana,In Utero,Rock,,,,,
927,Nirvana,MTV Unplugged in New York,Rock,,,,,
928,Nirvana,From The Muddy Banks Of The Wishkah,Rock,,,,,
929,Nirvana,Nirvana,Rock,,,,,
930,Pearl Jam,Rearviewmirror,Rock,,,,,
931,Pearl Jam,Ten,Rock,,,,,
932,Red Hot Chili Peppers,The Red hot chili peppers,Rock,,,,,
933,Red Hot Chili Peppers,Freaky styley,Rock,,,,,
934,Red Hot Chili Peppers,Uplift mofo party plan,Rock,,,,,
935,Red Hot Chili Peppers,Mothers Milk,Rock,,,,,
936,Red Hot Chili Peppers,Blood sugar sex magik,Rock,,,,,
937,Red Hot Chili Peppers,What Hits!,Rock,,,,,
938,Red Hot Chili Peppers,Californication,Rock,,,,,
939,Red Hot Chili Peppers,By the Way,Rock,,,,,
940,Red Hot Chili Peppers,Greatest Hits,Rock,,,,,
941,Red Hot Chili Peppers,Stadium Arcadium,Rock,,,,,
942,Red Hot Chili Peppers - 2006 - Stadium Arcadium,Jupiter,Red Hot Chili Peppers,,,,,
943,Red Hot Chili Peppers - 2006 - Stadium Arcadium,Mars,Red Hot Chili Peppers,,,,,
944,Robert Plant & Alison Krauss,2007 Raising Sand,Rock,,,,,
945,Royal Blood,Royal Blood,Rock,,,,,
946,Slint,piderland [FLAC],Rock,,,,,
947,Smashing Pumpkins,Siamese Dream,Rock,,,,,
948,Sound Defects,The Iron Horse,Rock,,,,,
949,Soundgarden,ides,Rock,,,,,
950,Spiritualized,Ladies And Gentlemen We Are Floating In Space,Rock,,,,,
951,Stone Temple Pilots,Tiny Music... Songs From The Vatican Gift Shop,Rock,,,,,
952,Stone Temple Pilots,Core,Rock,,,,,
953,Stone Temple Pilots,Purple,Rock,,,,,
954,Tenacious D,Tenacious D,Rock,,,,,
955,Tenacious D,The Pick Of Destiny,Rock,,,,,
956,The Cure,Greatest Hits,Rock,,,,,
957,The Smiths,Best I + II,Rock,,,,,
958,The Smiths,The Queen Is Dead,Rock,,,,,
959,The Smiths - Best I + II,... Best II,The Smiths,,,,,
960,The Smiths - Best I + II,Best ... I,The Smiths,,,,,
961,The Talking Heads,Remain In Light,Rock,,,,,
962,The Tea Party,Interzone Mantras,Rock,,,,,
963,The Tea Party,Seven Circles,Rock,,,,,
964,The White Stripes,Elephant,Rock,,,,,
965,The White Stripes,Icky Thump,Rock,,,,,
966,Therapy,Troublegum,Rock,,,,,
967,Thrice,Illusion of safety,Rock,,,,,
968,Thrice,The Artist in the Ambulance,Rock,,,,,
969,Tommy Guerrero,No Mans Land,Rock,,,,,
970,Tommy Guerrero,Perpetual,Rock,,,,,
971,Tommy Guerrero,Road to Knowhere,Rock,,,,,
972,Tracy Chapman,Collection,Rock,,,,,
973,U2,All that you can´t leave behind,Rock,,,,,
974,U2,How to Dismantle An Atomic Bomb,Rock,,,,,
975,U2,18 Singles,Rock,,,,,
976,U2,No Line On The Horizon,Rock,,,,,
977,Vanilla,Origin,Rock,,,,,
978,And You Will Know Us by the Trail of Dead,Worlds Apart,Rock 2 # Pop,,,,,
979,Antony and the Jonsons,I am a bird now,Rock 2 # Pop,,,,,
980,Beatsteaks,Smack Smash,Rock 2 # Pop,,,,,
981,Bon Iver,"For Emma, Forever Ago",Rock 2 # Pop,,,,,
982,Bright Eyes,I'm wide awake it's morning,Rock 2 # Pop,,,,,
983,Bruce Springsteen,Born to Run,Rock 2 # Pop,,,,,
984,Bruce Springsteen,Devils&Dust,Rock 2 # Pop,,,,,
985,Bruce Springsteen,The Essential Bruce Springsteen,Rock 2 # Pop,,,,,
986,Coheed and Cambria,In keeping secrets of silent earth 3,Rock 2 # Pop,,,,,
987,dEUS,The Ideal Crash,Rock 2 # Pop,,,,,
988,Echo & The Bunnymen,Ballyhoo,Rock 2 # Pop,,,,,
989,Elbow,Leaders Of The Free World,Rock 2 # Pop,,,,,
990,Fiona Apple,Tidal,Rock 2 # Pop,,,,,
991,Godspeed You! Black Emperor,Lift Your Skinny Fists Like Antennas To Heaven,Rock 2 # Pop,,,,,
992,Godspeed You! Black Emperor,Slow Riot For New Zero Kanada,Rock 2 # Pop,,,,,
993,Jeff Beck,Best of Beck,Rock 2 # Pop,,,,,
994,Madonna,The Best Of,Rock 2 # Pop,,,,,
995,Madonna - The Best Of,The Best Of (CD1),Madonna,,,,,
996,Madonna - The Best Of,The Best Of (CD2),Madonna,,,,,
997,Manic Street Preachers,Forever Delayed,Rock 2 # Pop,,,,,
998,Oceansize,Effloresce,Rock 2 # Pop,,,,,
999,R.E.M,003),Rock 2 # Pop,,,,,
1000,Reamonn,Tuesday,Rock 2 # Pop,,,,,
1001,Roisin Murphy,Ruby Blue,Rock 2 # Pop,,,,,
1002,Rush,Permanent Waves,Rock 2 # Pop,,,,,
1003,Suicidal Tendencies,Lights Camera Revolution,Rock 2 # Pop,,,,,
1004,The Coral,The Invisible Invasion,Rock 2 # Pop,,,,,
1005,Tomahawk,Mit gas,Rock 2 # Pop,,,,,
1006,Tomahawk,Anonymous,Rock 2 # Pop,,,,,
1007,Weezer,Weezer[Blue],Rock 2 # Pop,,,,,
1008,Wilco,Sky Blue Sky,Rock 2 # Pop,,,,,
1009,Wilco,Yankee Hotel Foxtrot,Rock 2 # Pop,,,,,
1010,Yann Tiersen,Amelie,Rock 2 # Pop,,,,,
1011,Alanis Morissette, Jagged Little Pill,Singer # Songwriter,,,,,
1012,Elliott Smith,Elliott Smith,Singer # Songwriter,,,,,
1013,Elliott Smith,Either Or,Singer # Songwriter,,,,,
1014,Elliott Smith,XO,Singer # Songwriter,,,,,
1015,Elliott Smith,Figure 8,Singer # Songwriter,,,,,
1016,Elliott Smith,A Basement on the Hill,Singer # Songwriter,,,,,
1017,Elliott Smith,New Moon,Singer # Songwriter,,,,,
1018,Elliott Smith - 2007 - New Moon,New Moon CD 1,Elliott Smith,,,,,
1019,Elliott Smith - 2007 - New Moon,New Moon CD 2,Elliott Smith,,,,,
1020,Elvis Presley,Elvis 30 #1 Hits,Singer # Songwriter,,,,,
1021,Frank Sinatra,The Very Best Of Frank Sinatra,Singer # Songwriter,,,,,
1022,Frank Sinatra - The Very Best Of Frank Sinatra,The Very Best Of Frank Sinatra (CD 1),Frank Sinatra,,,,,
1023,Frank Sinatra - The Very Best Of Frank Sinatra,The Very Best Of Frank Sinatra (CD2),Frank Sinatra,,,,,
1024,John Frusciante,Smile From The Streets You Hold,Singer # Songwriter,,,,,
1025,John Frusciante,From The Sounds Inside,Singer # Songwriter,,,,,
1026,John Frusciante,To Record Only Water For Ten Days,Singer # Songwriter,,,,,
1027,John Frusciante,Inside Of Emptiness,Singer # Songwriter,,,,,
1028,John Frusciante,Shadows Collide With People,Singer # Songwriter,,,,,
1029,John Frusciante,The Will To Death,Singer # Songwriter,,,,,
1030,John Frusciante,Curtains,Singer # Songwriter,,,,,
1031,John Frusciante,The Empyrean,Singer # Songwriter,,,,,
1032,Lana del Rey,Norman Fucking Rockwell!,Singer # Songwriter,,,,,
1033,Leonard Cohen,Songs of Leonard Cohen (Remastered),Singer # Songwriter,,,,,
1034,Mark Knopfler,Sailing To Philadelphia,Singer # Songwriter,,,,,
1035,Nancy Sinatra,The Essential Nancy Sinatra,Singer # Songwriter,,,,,
1036,Nick Drake,Pink Moon,Singer # Songwriter,,,,,
1037,Ryan Adams,29,Singer # Songwriter,,,,,
1038,Sufjan Stevens,Illinois,Singer # Songwriter,,,,,
1039,Tom Waits,Swordfishtrombones,Singer # Songwriter,,,,,
1040,Tom Waits,Rain dogs,Singer # Songwriter,,,,,
1041,Tom Waits,Franks Wild Years,Singer # Songwriter,,,,,
1042,Tom Waits,Alice,Singer # Songwriter,,,,,
1043,Tori Amos,Little Earthquakes,Singer # Songwriter,,,,,
1044,Black Sabbath,Black Sabbath,Stoner Rock,,,,,
1045,Black Sabbath,Paranoid,Stoner Rock,,,,,
1046,Black Sabbath,Master Of Reality,Stoner Rock,,,,,
1047,Black Sabbath,Vol. 4,Stoner Rock,,,,,
1048,Black Sabbath,Sabotage,Stoner Rock,,,,,
1049,Clutch,Clutch,Stoner Rock,,,,,
1050,Clutch,Blast tyrant,Stoner Rock,,,,,
1051,Clutch,Exodus,Stoner Rock,,,,,
1052,Clutch,Strange Cousins From The West,Stoner Rock,,,,,
1053,Dozer,In the tail of a comet,Stoner Rock,,,,,
1054,Dozer,Madre de dios,Stoner Rock,,,,,
1055,Dozer,Call it Conspiracy,Stoner Rock,,,,,
1056,Dozer,Through the eyes of heathens,Stoner Rock,,,,,
1057,Electric Wizard,Come my fanatics,Stoner Rock,,,,,
1058,Electric Wizard,Dopethrone,Stoner Rock,,,,,
1059,Fu Manchu,In Search of,Stoner Rock,,,,,
1060,Fu Manchu,The Action is go,Stoner Rock,,,,,
1061,Fu Manchu,King of the road,Stoner Rock,,,,,
1062,Fu Manchu,California crossing,Stoner Rock,,,,,
1063,Fu Manchu,Start The Machine,Stoner Rock,,,,,
1064,Kyuss,Sons of kyuss,Stoner Rock,,,,,
1065,Kyuss,Wretch,Stoner Rock,,,,,
1066,Kyuss,Blues For The Red Sun,Stoner Rock,,,,,
1067,Kyuss,Demon Cleaner (EP),Stoner Rock,,,,,
1068,Kyuss,Welcome To Sky Valley,Stoner Rock,,,,,
1069,Kyuss,And the Circus leaves Town,Stoner Rock,,,,,
1070,Kyuss,Desert Storm,Stoner Rock,,,,,
1071,Kyuss,Live Bizarre Festival '95,Stoner Rock,,,,,
1072,Kyuss,Live bootleg,Stoner Rock,,,,,
1073,Kyuss,Black Jeweler,Stoner Rock,,,,,
1074,Kyuss,Queens of the stone Age Split,Stoner Rock,,,,,
1075,Kyuss,Muchas Gracias,Stoner Rock,,,,,
1076,Masters of Reality,Deep in the hole,Stoner Rock,,,,,
1077,Masters of Reality,Welcome to the Western Lodge,Stoner Rock,,,,,
1078,Mastodon,Leviathan,Stoner Rock,,,,,
1079,Melvins,Houdini,Stoner Rock,,,,,
1080,Melvins,Stoner witch,Stoner Rock,,,,,
1081,Melvins,Nude With Boots,Stoner Rock,,,,,
1082,Mondo Generator,Cocaine Rodeo,Stoner Rock,,,,,
1083,Mondo Generator,A Drug Problem that Never Existed,Stoner Rock,,,,,
1084,Mondo Generator,Sonicslowmotiontrails,Stoner Rock,,,,,
1085,Monster Magnet,Monster Magnet,Stoner Rock,,,,,
1086,Monster Magnet,Spine of god,Stoner Rock,,,,,
1087,Monster Magnet,Superjudge,Stoner Rock,,,,,
1088,Monster Magnet,Dopes to infinity,Stoner Rock,,,,,
1089,Monster Magnet,Powertrip,Stoner Rock,,,,,
1090,Monster Magnet,God Says No,Stoner Rock,,,,,
1091,Monster Magnet,Monolithic Baby,Stoner Rock,,,,,
1092,Monster Magnet,ay Diablo,Stoner Rock,,,,,
1093,Nebula,Let it burn,Stoner Rock,,,,,
1094,Nebula,Apollo,Stoner Rock,,,,,
1095,Queens Of The Stone Age,Queens Of The Stone Age,Stoner Rock,,,,,
1096,Queens Of The Stone Age,Rated R,Stoner Rock,,,,,
1097,Queens Of The Stone Age,Live at Rock in Rio,Stoner Rock,,,,,
1098,Queens Of The Stone Age,Songs For The Deaf,Stoner Rock,,,,,
1099,Queens Of The Stone Age,Lullabies To Paralyze,Stoner Rock,,,,,
1100,Queens Of The Stone Age,Era Vulgaris,Stoner Rock,,,,,
1101,Sleep,Dopesmoker,Stoner Rock,,,,,
1102,Sleep,Sleeps Holy Mountain,Stoner Rock,,,,,
1103,Slo Burn,Amusing the amazing,Stoner Rock,,,,,
1104,Slo Burn,Amusing the amazing [Limited Edition Studio Sessions],Stoner Rock,,,,,
1105,The Desert Sessions,Vol. 1 & 2,Stoner Rock,,,,,
1106,The Desert Sessions,Vol. 3 & 4,Stoner Rock,,,,,
1107,The Desert Sessions,Vol. 5 & 6,Stoner Rock,,,,,
1108,The Desert Sessions,Vol. 7 & 8,Stoner Rock,,,,,
1109,The Desert Sessions,Vol. 9 & 10,Stoner Rock,,,,,
1110,Unida,Coping with the Urban Coyote,Stoner Rock,,,,,
1111,Unida,El Coyote,Stoner Rock,,,,,
1112,Unida,Unida,Stoner Rock,,,,,
1113,Unida,The Great Divide,Stoner Rock,,,,,
1114,Unida, Double EP,Stoner Rock,,,,,
1115,Wolfmother,Wolfmother,Stoner Rock,,,,,
1116,Wolfmother,Cosmic Egg,Stoner Rock,,,,,
1117,Carl Craig,Landcruising,Techno,,,,,
1118,Carl Craig,Fabric 25,Techno,,,,,
1119,Carl Craig,DJ Kicks,Techno,,,,,
1120,Carl Craig,Sessions,Techno,,,,,
1121,T.Raumschmiere,Radio Blackout,Techno,,,,,
1122,T.Raumschmiere,The Great Rock'n'Roll Swindle,Techno,,,,,
1123,Underworld,Dubnobasswithmyheadman,Techno,,,,,
1124,Underworld,Second Toughest In The Infants,Techno,,,,,
1125,Underworld,Beaucoup Fish,Techno,,,,,
1126,Underworld,"Everything, Everything",Techno,,,,,
1127,Annihilator,The Best of Annihilator,Thrash Metal,,,,,
1128,Annihilator,Metal,Thrash Metal,,,,,
1129,Exodus,Tempo of the Damned,Thrash Metal,,,,,
1130,Exodus,Bonded By Blood,Thrash Metal,,,,,
1131,Machine Head,Burn my eyes,Thrash Metal,,,,,
1132,Machine Head,The More Things Change,Thrash Metal,,,,,
1133,Machine Head,From This Day,Thrash Metal,,,,,
1134,Machine Head,The Burning Red,Thrash Metal,,,,,
1135,Machine Head,Supercharger,Thrash Metal,,,,,
1136,Machine Head,Hellalive,Thrash Metal,,,,,
1137,Machine Head,Through the Ashes of Empires,Thrash Metal,,,,,
1138,Metallica,Kill 'em all,Thrash Metal,,,,,
1139,Metallica,Jump in the fire,Thrash Metal,,,,,
1140,Metallica,Ride the lightning,Thrash Metal,,,,,
1141,Metallica,Master of puppets,Thrash Metal,,,,,
1142,Metallica,... and justice for all,Thrash Metal,,,,,
1143,Metallica,Metallica,Thrash Metal,,,,,
1144,Metallica,Load,Thrash Metal,,,,,
1145,Metallica,Reload,Thrash Metal,,,,,
1146,Metallica,Garage Inc,Thrash Metal,,,,,
1147,Metallica,S&M,Thrash Metal,,,,,
1148,Metallica,St.Anger,Thrash Metal,,,,,
1149,Metallica,Death Magnetic,Thrash Metal,,,,,
1150,Nuclear Assault,Game Over,Thrash Metal,,,,,
1151,Pantera,Cowboys From Hell,Thrash Metal,,,,,
1152,Pantera,Vulgar display of power,Thrash Metal,,,,,
1153,Pantera,Far Beyond Driven,Thrash Metal,,,,,
1154,Pantera,The Great Southern Trendkill,Thrash Metal,,,,,
1155,Sepultura,Schizophrenia,Thrash Metal,,,,,
1156,Sepultura,Beneath The Remains,Thrash Metal,,,,,
1157,Sepultura,Arise,Thrash Metal,,,,,
1158,Sepultura,Under Siege [Live],Thrash Metal,,,,,
1159,Sepultura,Chaos A.D,Thrash Metal,,,,,
1160,Sepultura,Roots,Thrash Metal,,,,,
1161,Sepultura,Dante XXI,Thrash Metal,,,,,
1162,Sepultura,The Best Of Sepultura,Thrash Metal,,,,,
1163,Slayer,Hells Awaits,Thrash Metal,,,,,
1164,Slayer,Show No Mercy,Thrash Metal,,,,,
1165,Slayer,Reign in blood,Thrash Metal,,,,,
1166,Slayer,South of Heaven,Thrash Metal,,,,,
1167,Slayer,God hates us all,Thrash Metal,,,,,
1168,Slayer,Christ Illusion,Thrash Metal,,,,,
1169,Sodom,Persecution Mania,Thrash Metal,,,,,
1170,Sodom,Agent Orange,Thrash Metal,,,,,
1171,Sodom,Tapping The Vein,Thrash Metal,,,,,
1172,Sodom,Aber Bitte Mit Sahne,Thrash Metal,,,,,
1173,Soulfly,Soulfly,Thrash Metal,,,,,
1174,Soulfly,Primitive,Thrash Metal,,,,,
1175,Soulfly,3,Thrash Metal,,,,,
1176,Soulfly,Prophecy,Thrash Metal,,,,,
1177,Soulfly,Dark Ages,Thrash Metal,,,,,
1178,The Haunted,Revolver,Thrash Metal,,,,,
1179,Beth Gibbons & Rustin Man,Out of Season,Trip-Hop,,,,,
1180,DJ Shadow,Endtroducing,Trip-Hop,,,,,
1181,DJ Shadow,Preemptive Strike,Trip-Hop,,,,,
1182,DJ Shadow,The Private press,Trip-Hop,,,,,
1183,DJ Shadow,The Outsider,Trip-Hop,,,,,
1184,DJ Shadow,Funk Session,Trip-Hop,,,,,
1185,Kruder & Dorfmeister,toned,Trip-Hop,,,,,
1186,Kruder & Dorfmeister,Conversions,Trip-Hop,,,,,
1187,Kruder & Dorfmeister,DJ Kicks,Trip-Hop,,,,,
1188,Kruder & Dorfmeister,The K&D Sessions,Trip-Hop,,,,,
1189,Kruder & Dorfmeister,Count Basic Remixes,Trip-Hop,,,,,
1190,Kruder & Dorfmeister,Dub Sessions USA 2001,Trip-Hop,,,,,
1191,Kruder & Dorfmeister - 1998 - The K&D Sessions,The K&D Sessions CD1,Kruder & Dorfmeister,,,,,
1192,Kruder & Dorfmeister - 1998 - The K&D Sessions,The K&D Sessions CD2,Kruder & Dorfmeister,,,,,
1193,Lamb,Lamb,Trip-Hop,,,,,
1194,Lovage,Music to Make Love to Your Old Lady By,Trip-Hop,,,,,
1195,Massive Attack,Blue Line,Trip-Hop,,,,,
1196,Massive Attack,Protection,Trip-Hop,,,,,
1197,Massive Attack,Mezzanine,Trip-Hop,,,,,
1198,Massive Attack,100th Window,Trip-Hop,,,,,
1199,Morcheeba,Who Can You Trust,Trip-Hop,,,,,
1200,Morcheeba,Big Calm,Trip-Hop,,,,,
1201,Morcheeba,Charango,Trip-Hop,,,,,
1202,Morcheeba,Dive Deep,Trip-Hop,,,,,
1203,Morcheeba,The Best Of,Trip-Hop,,,,,
1204,Nightmares On Wax,Smokers Delight,Trip-Hop,,,,,
1205,Portishead,Third,Trip-Hop,,,,,
1206,Portishead,Dummy,Trip-Hop,,,,,
1207,Portishead,Portishead,Trip-Hop,,,,,
1208,Thievery Corporation,i,Trip-Hop,,,,,
1209,Thievery Corporation,DJ Kicks,Trip-Hop,,,,,
1210,Thievery Corporation,The Mirror Conspiracy,Trip-Hop,,,,,
1211,Thievery Corporation,The Richest Man in Babylon,Trip-Hop,,,,,
1212,Thievery Corporation,The Cosmic Game,Trip-Hop,,,,,
1213,Thievery Corporation,Radio Retaliation,Trip-Hop,,,,,
1214,Tricky,Maxinquaye,Trip-Hop,,,,,
1215,Tricky,Juxtapose,Trip-Hop,,,,,
1216,Tricky,A Ruff Guide,Trip-Hop,,,,,
1217,Tricky feat. South Rakkas Crew,Tricky Meets South Rakkas Crew,Trip-Hop,,,,,
